epoch,exposure_train_loss,exposure_val_loss,step
0,2.825786590576172,,0
0,,2.7673044204711914,0
1,2.8146729469299316,,1
1,,2.7591443061828613,1
2,2.803744316101074,,2
2,,2.7509782314300537,2
3,2.793016195297241,,3
3,,2.74275803565979,3
4,2.7825002670288086,,4
4,,2.7345011234283447,4
