epoch,exposure_train_loss,exposure_val_loss,step
0,2.8660330772399902,,0
0,,2.6060640811920166,0
1,2.8549952507019043,,1
1,,2.6033639907836914,1
2,2.8440849781036377,,2
2,,2.600606918334961,2
3,2.833314895629883,,3
3,,2.597799777984619,3
4,2.822704792022705,,4
4,,2.594899892807007,4
5,2.812274932861328,,5
5,,2.5918736457824707,5
6,2.8020262718200684,,6
6,,2.5887060165405273,6
7,2.791961431503296,,7
7,,2.585404396057129,7
