{
    "h2": 0.5,
    "n_variants": 20,
    "ux_effect": 0.25,
    "uy_effect": -0.7,
    "xy_effect": 0.3,
    "x_e_variance": 0.4375,
    "y_e_std": 1,
    "variant_frequencies": [
        0.39365463123960304,
        0.2962736923358997,
        0.24274603492878397,
        0.2183221170352217,
        0.2292956538158057,
        0.3865115857811669,
        0.32181674416775474,
        0.39596395974859666,
        0.21409761362195942,
        0.21628170529094717,
        0.3190000165817917,
        0.2512698781716609,
        0.2799292234504078,
        0.29504693776144914,
        0.2964946123388999,
        0.39828165137730176,
        0.20118791417900778,
        0.2818926111484302,
        0.2659559123874593,
        0.39576471831076027
    ],
    "gx_effects": [
        0.37780714771525614,
        0.05684033710774579,
        0.08476339412882918,
        0.036539388416039716,
        0.18861467459492165,
        0.15220719101620486,
        0.10785280710891952,
        0.2582848623238597,
        0.05896370073173028,
        0.0985593185773798,
        0.12051559099892208,
        0.10496965188880969,
        0.1205994347574982,
        0.003349824534397105,
        0.09670310164416873,
        0.2190207652391967,
        0.11696905159683905,
        0.17018508804152033,
        0.15406694414166405,
        0.17729490407269707
    ]
}