{
    "h2": 0.5,
    "n_variants": 20,
    "ux_effect": 0.25,
    "uy_effect": -0.7,
    "xy_effect": 0.3,
    "x_e_variance": 0.4375,
    "y_e_std": 1,
    "variant_frequencies": [
        0.36113138910531334,
        0.3749967928417584,
        0.3790086887008887,
        0.2276630544715723,
        0.35712991222841983,
        0.2893123186898592,
        0.38284506049603034,
        0.3861833241901934,
        0.22455912257575827,
        0.32558865519506835,
        0.23663653439152585,
        0.2211096577035862,
        0.2530850051779423,
        0.21026401200364253,
        0.22254777095359254,
        0.21102010892163692,
        0.24617947081232744,
        0.2813768664837204,
        0.3458670329254018,
        0.39654608266749664
    ],
    "gx_effects": [
        0.02171505818007678,
        0.27586087205887755,
        0.16720406423269646,
        0.22649078628734284,
        0.20548181555125958,
        0.08147122218744936,
        0.07854738571539222,
        0.11945504625310369,
        0.09414139316941003,
        0.18682045090957947,
        0.10500513498026313,
        0.2855573660535875,
        0.20305162630862053,
        0.015504024619693208,
        0.08005495241689417,
        0.07241075182689044,
        0.15969048942771685,
        0.048324247778956234,
        0.1622780699094792,
        0.17677088508101313
    ]
}