{
    "h2": 0.5,
    "n_variants": 20,
    "ux_effect": 0.25,
    "uy_effect": -0.7,
    "xy_effect": 0.3,
    "x_e_variance": 0.4375,
    "y_e_std": 1,
    "variant_frequencies": [
        0.2449264540463887,
        0.26655858752925804,
        0.2640917669700534,
        0.2163904450242035,
        0.30214228908701396,
        0.2857604713004385,
        0.23205947778183528,
        0.37381968035221347,
        0.22044481176227468,
        0.30744168127815347,
        0.31551769872874513,
        0.2277425321299349,
        0.25959017495169023,
        0.3597626924169126,
        0.32516950439310394,
        0.2384236074129065,
        0.21277933414750355,
        0.2608839550451145,
        0.3675417484508898,
        0.3848865542410348
    ],
    "gx_effects": [
        0.20546400510927867,
        0.04433376821349553,
        0.05334176168749555,
        0.16841065773123315,
        0.08469222269676145,
        0.1518771352686734,
        0.22620047270230917,
        0.11277104968466876,
        0.12418700630684341,
        0.09544643267574378,
        0.19342594359464646,
        0.004598114648640836,
        0.30626450297984775,
        0.23254534347769593,
        0.07022230207408355,
        0.25687378188070603,
        0.0887493723176767,
        0.09536147926607766,
        0.15292989086691186,
        0.0968121136155481
    ]
}