{
    "h2": 0.5,
    "n_variants": 20,
    "ux_effect": 0.25,
    "uy_effect": -0.7,
    "xy_effect": 0.3,
    "x_e_variance": 0.4375,
    "y_e_std": 1,
    "variant_frequencies": [
        0.21778978989317438,
        0.30292814704752047,
        0.26624489242227234,
        0.3011556025570647,
        0.23833726369954003,
        0.2995836860992199,
        0.23301065696049458,
        0.25038341316761803,
        0.21045407639269298,
        0.26547256835012034,
        0.32599759373520404,
        0.3429616843307248,
        0.3486861004732347,
        0.31975608722598126,
        0.344034754261874,
        0.34537413364367675,
        0.3175883120280821,
        0.32593361653449326,
        0.3586217769707055,
        0.37051719375604975
    ],
    "gx_effects": [
        0.04642844795801645,
        0.12860624979860494,
        0.03689436714578185,
        0.25324539894689646,
        0.27969439818154634,
        0.013226089426174027,
        0.04515894968762095,
        0.03625511000747794,
        0.22218871221960607,
        0.1419261491351839,
        0.16731531231144325,
        0.04552144519553194,
        0.0879561088995545,
        0.019741506745558177,
        0.1633009174399615,
        0.14140224636867388,
        0.15126323968210634,
        0.05546456329848484,
        0.3060767924707415,
        0.24504613231963546
    ]
}